round,index,Day_Group,Probability,Start_Day_Id,End_Day_Id,Day_List
1,1,2,0.008264463,4,6,"[4, 5, 6]"
1,2,5,0.247933884,13,15,"[13, 14, 15]"
1,3,47,0.603305785,139,141,"[139, 140, 141]"
1,4,67,0.140495868,199,201,"[199, 200, 201]"
2,1,2,0.008264463,4,6,"[4, 5, 6]"
2,2,5,0.247933884,13,15,"[13, 14, 15]"
2,3,47,0.603305785,139,141,"[139, 140, 141]"
2,4,67,0.140495868,199,201,"[199, 200, 201]"
3,1,2,0.008264463,4,6,"[4, 5, 6]"
3,2,5,0.247933884,13,15,"[13, 14, 15]"
3,3,47,0.603305785,139,141,"[139, 140, 141]"
3,4,67,0.140495868,199,201,"[199, 200, 201]"
